emp_id,photo,first_name,last_name,birthday,gender,dep_id,hiredate,manager_id,job_id,salary,email,cell_phone,home_phone,address,city,st,zip,country,note
1,https://res.cloudinary.com/drtgrgcsq/image/upload/v1712333391/assxatipY_gghym8.jpg,Eamon,Bradmore,12/7/1968,LGBG,Serv,10/12/2016,4,Serv01,129570,ebradmore0@storify.com,817-930-1882,982-363-8554,5 Donald Street,Fort Worth,TX,76115,USA,
2,https://res.cloudinary.com/drtgrgcsq/image/upload/v1712333390/oodgoknuOF_oxnius.jpg,Belva,Emlyn,12/12/1965,Female,LEGL,3/31/2023,7,LEGL23,139147,bemlyn1@goodreads.com,813-587-6848,769-735-5237,75 Forest Trail,Tampa,FL,33686,USA,
3,https://res.cloudinary.com/drtgrgcsq/image/upload/v1712333391/tsduymawOF_rbzlpl.jpg,Janeczka,Northing,12/13/1962,Female,MK,11/30/2022,1,MK33,113987,jnorthing2@ca.gov,312-483-7299,857-470-7597,08932 Oak Valley Point,Chicago,IL,60686,USA,
4,https://res.cloudinary.com/drtgrgcsq/image/upload/v1712333389/qecccwrxOF_p3xkqr.jpg,Luisa,Simkin,7/25/1992,Female,LEGL,3/12/2020,2,LEGL01,102167,lsimkin3@gov.uk,702-856-7464,699-859-3794,66274 Mitchell Place,Las Vegas,NV,89135,USA,
5,https://res.cloudinary.com/drtgrgcsq/image/upload/v1712333382/njmftbvbMF_m8wmsz.jpg,Candide,Flello,2/19/1971,Female,ENG,9/16/2020,9,ENG53,121346,cflello4@people.com.cn,516-749-0790,310-652-0772,959 Forster Street,New Hyde Park,NY,11044,USA,
6,https://res.cloudinary.com/drtgrgcsq/image/upload/v1712333390/rwbwftfwYM_ngylkk.jpg,Chucho,Slora,6/8/1980,Male,Acct,2/4/2022,7,Acct01,121087,cslora5@timesonline.co.uk,213-652-4498,673-556-1140,16 Melby Crossing,Los Angeles,CA,90055,USA,
7,https://res.cloudinary.com/drtgrgcsq/image/upload/v1712333389/raksrqmnYLGBG_ueaqsg.jpg,Gerhardt,Defond,9/21/1992,Male,HR,1/27/2017,3,HR73,106334,gdefond6@cnet.com,512-911-3835,332-252-1334,921 Burning Wood Point,Austin,TX,78759,USA,
8,https://res.cloudinary.com/drtgrgcsq/image/upload/v1712333390/qvkwcpjnY_kpdynu.jpg,Dunc,Heineke,10/14/1970,Other,TR,9/25/2015,6,TR83,66748,dheineke7@diigo.com,214-285-1667,204-417-7393,8 Pleasure Road,Dallas,TX,75277,USA,
9,https://res.cloudinary.com/drtgrgcsq/image/upload/v1712333389/vxmzdgblOM_a2vjna.jpg,Cassaundra,Cockrem,11/20/1980,Female,HR,9/19/2015,6,HR93,42717,ccockrem8@newsvine.com,713-816-4202,896-692-8624,76651 Morrow Point,Amarillo,TX,79176,USA,
10,https://res.cloudinary.com/drtgrgcsq/image/upload/v1712333382/askbskxxYF_ajdudg.jpg,Lelah,Gallally,3/19/1979,Female,Sales,12/15/2015,6,Sales103,145253,lgallally9@so-net.ne.jp,360-132-3647,992-876-3566,4883 Jana Center,Seattle,WA,98109,USA,
11,https://res.cloudinary.com/drtgrgcsq/image/upload/v1712333390/tazrjycrOM_vfswrm.jpg,Corny,Cockton,5/12/1966,Male,TR,1/25/2020,3,TR113,90608,ccocktona@posterous.com,903-979-9142,590-248-0154,0782 Mccormick Street,Tyler,TX,75799,USA,
12,https://res.cloudinary.com/drtgrgcsq/image/upload/v1712333383/qwlqzjifYF_hexzca.jpg,Lucy,MacDonagh,10/9/1976,Female,ENG,9/21/2022,2,ENG123,40098,lmacdonaghb@vistaprint.com,202-340-2880,575-734-7714,405 Swallow Parkway,Washington,DC,20404,USA,
13,https://res.cloudinary.com/drtgrgcsq/image/upload/v1712333375/yuuctpcdYM_mucydw.jpg,Giacopo,Castanares,1/10/1974,Male,RD,10/1/2022,9,RD133,111913,gcastanaresc@unicef.org,717-145-5089,371-994-1115,75 Fremont Center,Lancaster,PA,17622,USA,
14,https://res.cloudinary.com/drtgrgcsq/image/upload/v1712333382/lbrlfcxl_uz4pyq.jpg,Myer,De la Eglise,8/9/1973,Male,PM,10/19/2023,3,PM143,90607,mdelaeglised@tripod.com,212-655-6689,727-690-1334,69983 Cambridge Road,Jamaica,NY,11499,USA,
15,https://res.cloudinary.com/drtgrgcsq/image/upload/v1712333383/qwlqzjifYF_hexzca.jpg,Sarena,Goode,5/23/1975,Female,Supp,2/6/2023,2,Supp01,140867,sgoodee@jugem.jp,405-627-0797,764-350-5477,049 Springs Parkway,Oklahoma City,OK,73124,USA,
16,https://res.cloudinary.com/drtgrgcsq/image/upload/v1712333382/jexhjadiYF_nuptvj.jpg,Nevsa,Roubottom,7/26/1978,Female,Acct,5/6/2023,6,Acct163,149407,nroubottomf@plala.or.jp,713-280-0775,393-329-0839,358 Springs Avenue,Houston,TX,77240,USA,
17,https://res.cloudinary.com/drtgrgcsq/image/upload/v1712333372/hfpsyyouMF_vftjul.jpg,Yolande,Josebury,12/5/1976,Female,Serv,1/24/2020,5,Serv173,70918,yjoseburyg@clickbank.net,478-765-7089,123-475-4239,4 Monterey Point,Savannah,GA,31422,USA,
18,https://res.cloudinary.com/drtgrgcsq/image/upload/v1712333373/cttfuakaYM_jhevcx.jpg,Judah,Dubble,4/3/1983,Male,HR,10/3/2016,8,HR183,111994,jdubbleh@hhs.gov,205-589-5411,585-472-0198,790 Carberry Center,Tuscaloosa,AL,35487,USA,
19,https://res.cloudinary.com/drtgrgcsq/image/upload/v1712333365/ushmycqqYF_rfw2pr.jpg,Georgianna,Saltman,9/28/1978,Female,Supp,11/1/2023,8,Supp193,106507,gsaltmani@psu.edu,240-662-1809,137-276-2155,9 Canary Lane,Hagerstown,MD,21747,USA,
20,https://res.cloudinary.com/drtgrgcsq/image/upload/v1712333373/llxfeygqMM_ulh6v4.jpg,Germain,Bagnell,12/4/1969,Male,Sales,2/11/2020,2,Sales01,72871,gbagnellj@oaic.gov.au,405-941-0644,667-351-4693,2037 Becker Street,Oklahoma City,OK,73119,USA,
21,https://res.cloudinary.com/drtgrgcsq/image/upload/v1712333372/xqqdwuipMM_hazb2j.jpg,Clayson,Dowdney,4/25/1971,Male,BD,10/30/2017,4,BD213,49100,cdowdneyk@msn.com,217-117-4481,467-178-3417,9598 Nobel Parkway,Springfield,IL,62756,USA,
22,https://res.cloudinary.com/drtgrgcsq/image/upload/v1712333372/cafzmcgrYM_jr0jtc.jpg,Mateo,Garrettson,10/10/1974,Male,LEGL,10/28/2020,7,LEGL223,83516,mgarrettsonl@webnode.com,865-323-3131,292-564-0501,7264 Esch Way,Amarillo,TX,79165,USA,
23,https://res.cloudinary.com/drtgrgcsq/image/upload/v1712333366/zpgxdlunYLGBG_c6fd6o.jpg,Mallory,Draayer,1/16/1992,Male,MK,9/6/2021,5,MK233,66892,mdraayerm@miibeian.gov.cn,305-303-3324,889-636-4184,851 2nd Pass,Clearwater,FL,34615,USA,
24,https://res.cloudinary.com/drtgrgcsq/image/upload/v1712333364/dkxhfowdOM_cgr7eu.jpg,Price,Shopcott,8/21/1978,Male,Supp,1/16/2022,2,Supp243,117316,pshopcottn@dailymotion.com,614-442-0710,792-809-8316,0694 Blue Bill Park Pass,Columbus,OH,43210,USA,
25,https://res.cloudinary.com/drtgrgcsq/image/upload/v1712333365/ywmccnxxYF_ruwyt3.jpg,Melamie,Phaup,1/25/1980,Female,MK,4/15/2019,8,MK253,89430,mphaupo@360.cn,203-325-1244,935-881-7591,6 Pepper Wood Court,Stamford,CT,6912,USA,
26,https://res.cloudinary.com/drtgrgcsq/image/upload/v1712333366/vtbdhnetMM_vhbf2y.jpg,Derby,Blake,4/4/1984,Male,MK,8/4/2016,7,MK263,92469,dblakep@icq.com,716-261-3832,212-384-8435,973 Merry Junction,Buffalo,NY,14205,USA,
27,https://res.cloudinary.com/drtgrgcsq/image/upload/v1712333373/tlqywtbxYF_rtq2z3.jpg,Anita,Pilipets,11/28/1993,Female,BD,6/15/2017,6,BD273,133476,apilipetsq@facebook.com,817-689-9955,781-459-6701,25319 Paget Street,Irving,TX,75062,USA,
28,https://res.cloudinary.com/drtgrgcsq/image/upload/v1712333374/fuqyphlmYF_oh5nat.jpg,Davina,Riches,3/30/1988,Female,MK,7/21/2015,9,MK283,50424,drichesr@dyndns.org,205-413-7882,883-911-0360,0723 New Castle Court,Birmingham,AL,35236,USA,
29,https://res.cloudinary.com/drtgrgcsq/image/upload/v1712333373/tvzzjuluYF_ki4cks.jpg,Archibaldo,Harbor,9/19/1988,Male,LEGL,11/12/2017,4,LEGL293,117815,aharbors@adobe.com,209-931-9476,500-769-6858,5375 Barby Street,Stockton,CA,95210,USA,
30,https://res.cloudinary.com/drtgrgcsq/image/upload/v1712333365/entryydcYM_hrdp6r.jpg,Freeland,Bettley,11/17/1986,Male,MK,11/11/2022,9,MK303,81254,fbettleyt@examiner.com,419-409-4361,401-946-9021,16309 Mallard Point,Toledo,OH,43656,USA,
31,https://res.cloudinary.com/drtgrgcsq/image/upload/v1712333383/igpljenbYM_cgd1m6.jpg,Katrine,McGuinness,10/7/1961,Female,TR,7/2/2019,4,TR313,76802,kmcguinnessu@youtu.be,607-401-1886,309-538-7470,044 Roth Hill,Elmira,NY,14905,USA,
32,https://res.cloudinary.com/drtgrgcsq/image/upload/v1712333373/mwawksbpYLGBG_qc8hpm.jpg,Willi,Sneesbie,6/1/1991,LGBG,MK,12/30/2018,3,MK323,125583,wsneesbiev@elpais.com,209-156-2564,581-373-5099,15 Coleman Point,Fresno,CA,93715,USA,
33,https://res.cloudinary.com/drtgrgcsq/image/upload/v1712333382/cxpyrfiiMF_ocyt94.jpg,Donica,Birden,6/17/1974,Female,LEGL,1/10/2018,10,LEGL333,142067,dbirdenw@infoseek.co.jp,202-735-3001,362-714-6409,48943 Moose Center,Washington,DC,20036,USA,
34,https://res.cloudinary.com/drtgrgcsq/image/upload/v1712333372/hhzrjmzuYF_wujsaz.jpg,Cacilie,Rentilll,10/13/1982,Other,PM,12/14/2020,8,PM343,50902,crentilllx@bluehost.com,205-767-3550,920-944-5754,37074 Mesta Circle,Birmingham,AL,35205,USA,
35,https://res.cloudinary.com/drtgrgcsq/image/upload/v1712333365/nwyvsoysMM_i1iljt.jpg,Briant,Kier,2/23/1976,Male,TR,5/26/2019,6,TR353,40154,bkiery@merriam-webster.com,786-489-2186,720-855-9837,333 Katie Court,Clearwater,FL,34615,USA,
36,https://res.cloudinary.com/drtgrgcsq/image/upload/v1712333364/iuelfqtpOM_fb4mtp.jpg,Clay,Feenan,3/5/1963,Male,Acct,5/4/2016,7,Acct363,48692,cfeenanz@ameblo.jp,512-731-6647,182-615-8312,4 Leroy Plaza,Austin,TX,78764,USA,
37,https://res.cloudinary.com/drtgrgcsq/image/upload/v1712333365/zylhexxgYM_gdis4o.jpg,Hoyt,Nevett,1/8/1979,Male,Acct,2/13/2019,9,Acct373,65095,hnevett10@cornell.edu,919-424-9165,238-588-3490,3961 Mallory Road,Durham,NC,27710,USA,
38,https://res.cloudinary.com/drtgrgcsq/image/upload/v1712333365/ndaxylroYM_krstsm.jpg,Demetrius,Gibke,7/24/1987,Male,BD,9/22/2019,5,BD383,110373,dgibke11@constantcontact.com,718-642-4170,495-327-3030,95 Welch Plaza,New York City,NY,10009,USA,
39,https://res.cloudinary.com/drtgrgcsq/image/upload/v1712333372/hhzrjmzuYF_wujsaz.jpg,Robinetta,Peters,12/22/1985,Female,TR,5/21/2016,1,TR393,45792,rpeters12@edublogs.org,253-153-6589,799-604-4360,50413 Bluejay Alley,Tacoma,WA,98447,USA,
40,https://res.cloudinary.com/drtgrgcsq/image/upload/v1712333364/pxcyhqjfYF_hpskde.jpg,Rosmunda,Lindeman,7/31/1983,Female,Serv,10/25/2021,5,Serv403,110509,rlindeman13@toplist.cz,513-847-3963,798-827-5062,71606 Arrowood Parkway,Cincinnati,OH,45208,USA,
41,https://res.cloudinary.com/drtgrgcsq/image/upload/v1712333389/xvswmuluMM_jp7hh4.jpg,Lee,Hayler,3/6/1969,Male,Acct,5/21/2017,1,Acct01,41292,lhayler14@cloudflare.com,501-982-5810,219-233-4524,8565 Spaight Avenue,Little Rock,AR,72209,USA,
42,https://res.cloudinary.com/drtgrgcsq/image/upload/v1712333372/myblwvnaYF_ctgmkd.jpg,Marnia,Valero,9/12/1983,Female,TR,5/11/2021,7,TR423,107103,mvalero15@facebook.com,786-774-0133,936-930-1252,2 Quincy Circle,Miami,FL,33147,USA,
43,https://res.cloudinary.com/drtgrgcsq/image/upload/v1712333372/hhzrjmzuYF_wujsaz.jpg,Pansie,Drayn,5/10/1985,Female,ENG,5/21/2019,9,ENG433,45636,pdrayn16@sitemeter.com,646-761-3040,610-537-9706,94476 Ilene Point,Flushing,NY,11388,USA,
44,https://res.cloudinary.com/drtgrgcsq/image/upload/v1712333390/fzsrfaptOM_usnd5d.jpg,Bryn,Leese,11/9/1979,Male,PM,5/8/2017,3,PM443,47671,bleese17@yelp.com,918-739-5536,274-463-0482,2 Anzinger Road,Tulsa,OK,74116,USA,
45,https://res.cloudinary.com/drtgrgcsq/image/upload/v1712333368/zfbajylgMM_ka3a7w.jpg,Conrade,Garment,3/6/1964,Male,ENG,7/15/2021,9,ENG453,120810,cgarment18@smugmug.com,412-964-6649,524-191-3719,152 Blaine Place,Pittsburgh,PA,15240,USA,
46,https://res.cloudinary.com/drtgrgcsq/image/upload/v1712333373/tasozangYM_bigncn.jpg,Wendall,Pears,10/11/1966,LGBG,MK,8/5/2017,6,MK01,48521,wpears19@nydailynews.com,805-264-7902,268-891-5913,279 Colorado Avenue,Santa Barbara,CA,93106,USA,
47,https://res.cloudinary.com/drtgrgcsq/image/upload/v1712333389/raksrqmnYLGBG_ueaqsg.jpg,Antone,Ravenscroft,3/13/1991,Male,Acct,1/24/2021,1,Acct473,106386,aravenscroft1a@army.mil,718-509-8986,630-798-6469,2 Knutson Court,Flushing,NY,11388,USA,
48,https://res.cloudinary.com/drtgrgcsq/image/upload/v1712333382/vpsevnmuYF_iyvemh.jpg,Sashenka,Rutherforth,12/4/1978,Female,HR,12/6/2016,5,HR483,101384,srutherforth1b@w3.org,916-466-4528,444-118-5753,23397 Redwing Terrace,Sacramento,CA,95833,USA,
49,https://res.cloudinary.com/drtgrgcsq/image/upload/v1712333364/iuelfqtpOM_fb4mtp.jpg,Edmund,Hammarberg,12/24/1983,Male,RD,8/17/2020,2,RD493,124419,ehammarberg1c@dagondesign.com,714-266-0400,780-285-0726,849 Del Sol Hill,Fullerton,CA,92835,USA,
50,https://res.cloudinary.com/drtgrgcsq/image/upload/v1712333364/ovoyythaYM_nr0qua.jpg,Tomkin,Roblin,10/9/1963,Male,LEGL,10/14/2020,3,LEGL01,101907,troblin1d@mozilla.com,408-129-4327,433-586-4479,16 Armistice Circle,San Jose,CA,95138,USA,
